date,release,file,downloads
2026-09-21,v1.0,SelfTrack.apk,5
2026-09-22,v1.0,SelfTrack.apk,5
2026-09-23,v1.0,SelfTrack.apk,5
2026-09-24,v1.0,SelfTrack.apk,5
2026-09-25,v1.0,SelfTrack.apk,5
2026-09-26,v1.0,SelfTrack.apk,5
2026-09-27,v1.0,SelfTrack.apk,5
2026-09-28,v1.0,SelfTrack.apk,5
2026-09-30,v1.0,SelfTrack.apk,5
2026-10-01,v1.0,SelfTrack.apk,5
2026-10-02,v1.0,SelfTrack.apk,5
2026-10-03,v1.0,SelfTrack.apk,5
2026-10-04,v1.0,SelfTrack.apk,5
2026-10-05,v1.0,SelfTrack.apk,5
2026-10-06,v1.0,SelfTrack.apk,5
2026-10-07,v1.0,SelfTrack.apk,5
2026-10-08,v1.0,SelfTrack.apk,5
2026-10-09,v1.0,SelfTrack.apk,5
